{"file":"\/home\/azada\/domains\/2.bigbio.pl\/public_html\/modules\/wyprzedaz\/var\/upload_wy_68e55e2d8f5324.61521027.csv","session_id":"wy_68e55e2d8f5324.61521027","delimiter":";","offset":72626,"line":1641,"total_rows":1641,"processed":1641,"in_db":1403,"not_found":238,"chunks_total":4,"chunks_done":4,"batch":500,"finished":true,"all_valid_skus":["A_MAG_087614019239_01092027_(G_1)","A_MAG_087614113357_01102027_(X_2)","A_MAG_087614117089_01052028_(K_4)","A_MAG_087614117423_01122026_(A_6)","A_MAG_087614210032_01042028_(U_3)","A_MAG_087614210346_01082027_(A_1)","A_MAG_3184340000115_01102025_(H_2)","A_MAG_3268350000324_02102025_(F_5)","A_MAG_3268350120237_27082025_(P_3)","A_MAG_3375190016016_01112025_(M_5)","A_MAG_3375190410012_01102026_(N_5)","A_MAG_3375190410036_01022026_(T_5)","A_MAG_3383482306578_01012027_(J_4)","A_MAG_3383482306615_01012028_(N_3)","A_MAG_3383482306622_01012029_(U_1)","A_MAG_3445020001878_01062026_(R_4)","A_MAG_3445020002554_01102026_(G_4)","A_MAG_3445020002592_01072026_(J_2)","A_MAG_3483981000967_01102026_(K_2)","A_MAG_3483981001292_01092026_(K_2)","A_MAG_3700110005397_01082026_(A_5)","A_MAG_3760092217942_01112025_(B_6)","A_MAG_3760128280322_05112026_(B_3)","A_MAG_3760128282029_17062026_(I_5)","A_MAG_3760128282128_23052026_(W_1)","A_MAG_3760128282142_16042026_(S_3)","A_MAG_3800218251617_21032026_(O_3)","A_MAG_3800218254588_01122025_(B_6)","A_MAG_3800218255042_10072026_(U_3)","A_MAG_3800218255219_01042026_(C_5)","A_MAG_3800233685428_01122025_(K_4)","A_MAG_3800233781861_20082026_(L_3)","A_MAG_3800233782370_01042026_(F_6)","A_MAG_3800233782394_14032026_(K_5)","A_MAG_3800233782455_01122025_(T_3)","A_MAG_3800236132226_01122026_(R_3)","A_MAG_3800236132233_30012027_(W_3)","A_MAG_3800236132264_01072026_(Y_3)","A_MAG_3800236132301_23032026_(Y_1)","A_MAG_3800236132318_01112026_(F_1)","A_MAG_3800236132332_01082026_(Y_5)","A_MAG_3800500324357_01012029_(J_2)","A_MAG_3800500324432_01012027_(R_3)","A_MAG_3800500324548_01092027_(T_2)","A_MAG_3800500324784_01012027_(B_3)","A_MAG_4000345051411_06082026_(U_1)","A_MAG_4000799109560_01062026_(J_5)","A_MAG_4004191005772_01062026_(A_7)","A_MAG_4004191055821_01112026_(Y_5)","A_MAG_4004790037358_04042026_(Y_4)","A_MAG_4005009102911_01032026_(M_4)","A_MAG_4005394121023_31102026_(C_1)","A_MAG_4005394285411_31052028_(U_2)","A_MAG_4005394287088_31032026_(G_1)","A_MAG_4005394287866_01092026_(S_2)","A_MAG_4005561007341_11072026_(W_2)","A_MAG_4005561007365_12072026_(W_3)","A_MAG_4005967005392_01012026_(H_5)","A_MAG_4006040293811_01032026_(J_4)","A_MAG_4007843088925_01062027_(C_4)","A_MAG_4010139182016_01022026_(Y_3)","A_MAG_4010139185000_01032026_(N_3)","A_MAG_4012346105505_01012028_(M_5)","A_MAG_4012346156507_01122027_(C_3)","A_MAG_4012346157306_01112027_(S_3)","A_MAG_4012346206202_01042027_(A_3)","A_MAG_4012346218007_01082027_(P_1)","A_MAG_4012346628509_01012029_(P_6)","A_MAG_4012824401587_28022028_(C_2)","A_MAG_4012824402003_01012028_(C_2)","A_MAG_4012824402218_31032027_(U_2)","A_MAG_4012824402515_01122027_(M_3)","A_MAG_4012824402522_01112027_(F_3)","A_MAG_4012824403222_01092027_(S_4)","A_MAG_4012824404281_01122027_(T_3)","A_MAG_4012824405622_28022028_(C_2)","A_MAG_4012824406391_28022028_(A_3)","A_MAG_4013712575038_01072028_(I_3)","A_MAG_4015533034770_01022027_(K_7)","A_MAG_4015637009001_01032026_(Y_3)","A_MAG_4015637823522_01022026_(B_1)","A_MAG_4015637827339_01112025_(Y_3)","A_MAG_4015637827445_07072026_(T_1)","A_MAG_4016249017033_18072026_(Y_4)","A_MAG_4016249108571_28052026_(F_4)","A_MAG_4016249150334_25042026_(M_5)","A_MAG_4016249150372_26052026_(W_1)","A_MAG_4016249281601_01122025_(C_6)","A_MAG_4018462161401_01052026_(M_5)","A_MAG_4018722000846_06062028_(B_4)","A_MAG_4018722302575_01022028_(S_5)","A_MAG_4018722308942_24062027_(J_5)","A_MAG_4019555100307_01012029_(A_7)","A_MAG_4019555100321_01012027_(B_6)","A_MAG_4019555100536_01012027_(K_4)","A_MAG_4019555700125_01012027_(C_3)","A_MAG_4019555700200_01012027_(B_6)","A_MAG_4019555705649_01012029_(Y_2)","A_MAG_4019736000754_01052028_(S_5)","A_MAG_4019736004134_01032027_(S_5)","A_MAG_4019736008859_01052027_(R_2)","A_MAG_4025089081289_01052027_(M_3)","A_MAG_4025089086178_01122026_(Y_3)","A_MAG_4030917056704_01032027_(O_3)","A_MAG_4030917056902_01022027_(A_5)","A_MAG_4030917057305_01092026_(M_4)","A_MAG_4030917057701_01092026_(K_1)","A_MAG_4030917057909_01092026_(L_1)","A_MAG_4035129013309_01082026_(M_3)","A_MAG_4038375024419_22042026_(W_3)","A_MAG_4038375025003_01022026_(G_4)","A_MAG_4044889001037_01082026_(U_6)","A_MAG_4044889002263_01012027_(B_1)","A_MAG_4044889002522_01122026_(H_1)","A_MAG_4044889003192_01062026_(C_3)","A_MAG_4044889004571_01072026_(U_6)","A_MAG_4044889004595_01072026_(U_6)","A_MAG_4044889004601_01092025_(Y_5)","A_MAG_4044889004625_01052026_(U_6)","A_MAG_4044889004786_01032026_(M_2)","A_MAG_4044889004861_01092026_(E_1)","A_MAG_4044889005134_01092026_(W_1)","A_MAG_4048885051430_01072026_(W_1)","A_MAG_4048885051447_01072026_(C_2)","A_MAG_4048885051492_01072026_(C_2)","A_MAG_4055297220262_01012027_(Y_3)","A_MAG_4055297221405_01012028_(R_2)","A_MAG_4055297221467_01012027_(T_2)","A_MAG_4106060044759_01072026_(H_3)","A_MAG_4106060047675_01092026_(M_1)","A_MAG_4106060076026_03052027_(O_5)","A_MAG_4250448346918_01012026_(A_6)","A_MAG_4260058843479_01102025_(I_4)","A_MAG_4260183213130_18012027_(Y_4)","A_MAG_4260183213529_01012026_(B_5)","A_MAG_4260183213529_01042026_(O_1)","A_MAG_4260237453581_01022026_(A_2)","A_MAG_4260249140288_01022026_(S_1)","A_MAG_4260249143647_01102025_(B_3)","A_MAG_4260249143647_01012026_(A_3)","A_MAG_4260311980408_01102025_(H_4)","A_MAG_4260311983973_14042026_(Y_2)","A_MAG_4260311984673_01022026_(W_4)","A_MAG_4260311984758_01062026_(Y_3)","A_MAG_4260311985311_06032026_(B_4)","A_MAG_4260595857984_01012029_(E_1)","A_MAG_4260618525593_01112025_(H_1)","A_MAG_4260618528600_01052026_(Y_5)","A_MAG_4262367681322_01112025_(U_3)","A_MAG_4262367681865_01102025_(X_4)","A_MAG_4262367681865_01122025_(Y_5)","A_MAG_4262397070103_05112025_(Y_5)","A_MAG_4262448378233_01012029_(E_5)","A_MAG_4316734763668_24112026_(K_1)","A_MAG_4743318101293_01012027_(P_4)","A_MAG_4744481012010_08052026_(I_5)","A_MAG_4751022365757_10102026_(A_6)","A_MAG_4751022365801_09122026_(U_4)","A_MAG_4770405228847_18062027_(J_2)","A_MAG_4779030680075_01012027_(F_6)","A_MAG_4779030680082_01012027_(C_3)","A_MAG_4820058210413_01012027_(U_5)","A_MAG_4820149742281_10062026_(R_3)","A_MAG_4820219347484_13042026_(X_3)","A_MAG_4820219347507_01052026_(Y_1)","A_MAG_4820219349280_01042026_(W_1)","A_MAG_4860019002817_01012027_(I_2)","A_MAG_5021991938757_01042027_(A_2)","A_MAG_5021991941689_07112027_(B_1)","A_MAG_5021991941757_11122027_(Y_4)","A_MAG_5021991941764_24022027_(O_4)","A_MAG_5021991941788_20052027_(Y_4)","A_MAG_5021991942204_13082027_(U_5)","A_MAG_5022496016858_01012026_(U_3)","A_MAG_5022496016919_01012027_(P_4)","A_MAG_5022496192507_01082026_(S_3)","A_MAG_5200118472668_01032026_(X_1)","A_MAG_5200300106319_01022027_(S_1)","A_MAG_5202913702254_01012029_(B_5)","A_MAG_5400164142199_01072026_(Y_3)","A_MAG_5400164154093_01102025_(G_4)","A_MAG_5400164241496_01112025_(J_1)","A_MAG_5411788044745_01022027_(H_4)","A_MAG_5411788044752_15052027_(M_4)","A_MAG_5412360015252_01012026_(N_1)","A_MAG_5412360023097_01012028_(B_1)","A_MAG_5425038430387_08102026_(F_5)","A_MAG_5425038430400_09072026_(J_1)","A_MAG_5601029000115_30042029_(Y_4)","A_MAG_5601159206883_01122029_(U_2)","A_MAG_5601159206890_01112028_(N_4)","A_MAG_5701058013091_01032026_(T_1)","A_MAG_5701410332037_01012029_(T_4)","A_MAG_5701410419479_01012029_(O_4)","A_MAG_5900028007768_09062026_(J_5)","A_MAG_5900028008536_24072026_(T_3)","A_MAG_5900038001039_01052026_(Y_5)","A_MAG_5900038001046_01042026_(N_4)","A_MAG_5900038001176_01072026_(W_1)","A_MAG_5900038001916_01062026_(N_1)","A_MAG_5900038001923_01052026_(J_3)","A_MAG_5900038001930_01032026_(L_4)","A_MAG_5900038001947_01062026_(J_3)","A_MAG_5900038001954_01062026_(T_3)","A_MAG_5900038001961_01042026_(N_3)","A_MAG_5900038001978_01052026_(I_1)",