{"file":"\/home\/azada\/domains\/2.bigbio.pl\/public_html\/modules\/wyprzedaz\/var\/upload_wy_693161b9d0d146.62454743.csv","session_id":"wy_693161b9d0d146.62454743","delimiter":";","offset":74198,"line":1671,"total_rows":1671,"processed":1671,"in_db":1426,"not_found":245,"chunks_total":4,"chunks_done":4,"batch":500,"finished":true,"all_valid_skus":["A_MAG_087614019239_01092027_(G_1)","A_MAG_087614113357_01102027_(X_2)","A_MAG_087614117089_01052028_(K_4)","A_MAG_087614117423_01122026_(A_6)","A_MAG_087614210346_01082027_(A_1)","A_MAG_253721_17112026_(U_3)","A_MAG_3268350120237_27082025_(P_3)","A_MAG_3375190410012_01102026_(N_5)","A_MAG_3375190410036_24022026_(G_5)","A_MAG_3380380078019_11092026_(F_2)","A_MAG_3383482306578_01012027_(J_4)","A_MAG_3445020001878_01062026_(R_4)","A_MAG_3445020002554_01102026_(G_4)","A_MAG_3445020002592_01072026_(G_4)","A_MAG_3445020002592_01122026_(W_2)","A_MAG_3483981000967_01102026_(K_2)","A_MAG_3483981001292_01092026_(K_2)","A_MAG_3700110005397_01082026_(A_5)","A_MAG_3700479107244_01122027_(P_2)","A_MAG_3760092218093_01042026_(C_4)","A_MAG_3760092218277_01092026_(K_5)","A_MAG_3760128281541_30062026_(A_3)","A_MAG_3760128282029_17062026_(I_5)","A_MAG_3760128282159_06052026_(X_1)","A_MAG_3800218252669_04072026_(M_3)","A_MAG_3800218252904_23052026_(C_7)","A_MAG_3800218255042_25092026_(L_4)","A_MAG_3800218255219_25062026_(O_4)","A_MAG_3800233685428_21122025_(K_3)","A_MAG_3800233781830_03092026_(I_2)","A_MAG_3800233781861_10092026_(Y_2)","A_MAG_3800233782370_01042026_(F_6)","A_MAG_3800233782394_14032026_(K_5)","A_MAG_3800233782455_01122025_(T_3)","A_MAG_3800236132233_30012027_(W_3)","A_MAG_3800236132301_23032026_(Y_1)","A_MAG_3800500324012_01012029_(A_1)","A_MAG_3800500324036_01012027_(F_3)","A_MAG_3800500324357_01012029_(W_4)","A_MAG_3800500324548_01092027_(T_2)","A_MAG_3800500324784_01012027_(B_3)","A_MAG_3800500324791_01012027_(F_3)","A_MAG_4000345051411_06082026_(U_1)","A_MAG_4000799110818_01052028_(R_1)","A_MAG_4003247705505_27102026_(S_3)","A_MAG_4004191005772_01062026_(A_7)","A_MAG_4004191055821_01112026_(Y_5)","A_MAG_4004790017565_19072026_(F_5)","A_MAG_4004790035866_11092026_(Y_3)","A_MAG_4004790037358_04042026_(Y_4)","A_MAG_4005009102911_01032026_(M_4)","A_MAG_4005394121023_31102026_(C_1)","A_MAG_4005394143049_01032028_(M_2)","A_MAG_4005394200858_31052026_(B_2)","A_MAG_4005394287866_01092026_(S_2)","A_MAG_4005967005392_01012026_(H_5)","A_MAG_4006040155164_09052027_(O_4)","A_MAG_4006040189008_24102026_(B_5)","A_MAG_4006040294009_01022026_(C_3)","A_MAG_4007843088925_01062027_(C_4)","A_MAG_4010139181064_01052026_(C_2)","A_MAG_4010139182016_01022026_(Y_3)","A_MAG_4010139185000_01032026_(N_3)","A_MAG_4012346520001_01062028_(U_2)","A_MAG_4012346536507_01062027_(C_3)","A_MAG_4012824401167_30042028_(B_6)","A_MAG_4012824401587_28022028_(C_2)","A_MAG_4012824401723_30062028_(J_2)","A_MAG_4012824401969_30042028_(C_3)","A_MAG_4012824402003_01012028_(C_2)","A_MAG_4012824402218_31032027_(U_2)","A_MAG_4012824402478_30042028_(F_4)","A_MAG_4012824402508_30042028_(T_3)","A_MAG_4012824403222_31052028_(U_1)","A_MAG_4012824404281_30042028_(B_5)","A_MAG_4012824406391_28022028_(A_3)","A_MAG_4012824406575_30062028_(A_3)","A_MAG_4013712575038_01072028_(I_3)","A_MAG_4015533034770_01022027_(K_7)","A_MAG_4015637005072_23042026_(O_1)","A_MAG_4015637005102_03052026_(N_5)","A_MAG_4015637823522_01022026_(B_1)","A_MAG_4015637823942_04062026_(Y_3)","A_MAG_4015637823942_25112026_(S_2)","A_MAG_4015637827445_07072026_(T_1)","A_MAG_4016249017071_23082026_(W_1)","A_MAG_4016249108571_28052026_(F_4)","A_MAG_4016249150334_25042026_(M_5)","A_MAG_4016249150372_26052026_(W_1)","A_MAG_4016249150372_09072026_(S_1)","A_MAG_4016249172350_16062026_(O_4)","A_MAG_4016249281601_11122025_(O_2)","A_MAG_4016249284800_25082026_(J_4)","A_MAG_4016512061152_17052027_(W_3)","A_MAG_4018462158005_28052026_(S_3)","A_MAG_4018462192009_28052026_(U_4)","A_MAG_4018722100188_10062027_(A_5)","A_MAG_4018722302575_01022028_(S_5)","A_MAG_4019555700187_01012027_(I_5)","A_MAG_4019555700200_01012027_(B_6)"],"original_filename":"11111wyprzedaz (17).csv","finalize_total":1325,"finalize_done":0,"created_or_updated":0}