{"file":"\/home\/azada\/domains\/2.bigbio.pl\/public_html\/modules\/wyprzedaz\/var\/upload_wy_69253d61185a34.45373669.csv","session_id":"wy_69253d61185a34.45373669","delimiter":";","offset":71834,"line":1663,"total_rows":1663,"processed":1663,"in_db":1381,"not_found":243,"chunks_total":4,"chunks_done":4,"batch":500,"finished":true,"all_valid_skus":["A_MAG_087614019239_01092027_(G_1)","A_MAG_087614113357_01102027_(X_2)","A_MAG_087614117089_01052028_(K_4)","A_MAG_087614117423_01122026_(A_6)","A_MAG_087614210346_01082027_(A_1)","A_MAG_253721_17112026_(U_3)","A_MAG_3184340000535_26042026_(B_5)","A_MAG_3268350120237_27082025_(P_3)","A_MAG_3375190410012_01102026_(N_5)","A_MAG_3375190410036_24022026_(G_5)","A_MAG_3383482306578_01012027_(J_4)","A_MAG_3383482306622_01012029_(U_1)","A_MAG_3445020001878_01062026_(R_4)","A_MAG_3445020002554_01102026_(G_4)","A_MAG_3445020002592_01072026_(G_4)","A_MAG_3445020002592_01122026_(W_2)","A_MAG_3483981000967_01102026_(K_2)","A_MAG_3483981001292_01092026_(K_2)","A_MAG_3700110005397_01082026_(A_5)","A_MAG_3700479107244_01122027_(P_2)","A_MAG_3760092218093_01042026_(C_4)","A_MAG_3760092218277_01092026_(K_5)","A_MAG_3760128280322_05112026_(B_3)","A_MAG_3760128281541_30062026_(A_3)","A_MAG_3760128282029_17062026_(I_5)","A_MAG_3760128282159_06052026_(X_1)","A_MAG_3800218251617_21032026_(O_3)","A_MAG_3800218252669_04072026_(M_3)","A_MAG_3800218252904_23052026_(C_7)","A_MAG_3800218255042_25092026_(L_4)","A_MAG_3800218255219_25062026_(O_4)","A_MAG_3800233685428_21122025_(K_3)","A_MAG_3800233781830_03092026_(I_2)","A_MAG_3800233782370_01042026_(F_6)","A_MAG_3800233782394_14032026_(K_5)","A_MAG_3800233782455_01122025_(T_3)","A_MAG_3800236132233_30012027_(W_3)","A_MAG_3800236132301_23032026_(Y_1)","A_MAG_3800500324012_01012029_(A_1)","A_MAG_3800500324036_01012027_(F_3)","A_MAG_3800500324548_01092027_(T_2)","A_MAG_3800500324784_01012027_(B_3)","A_MAG_3800500324791_01012027_(F_3)","A_MAG_4000345051411_06082026_(U_1)","A_MAG_4000799110818_01052028_(R_1)","A_MAG_4000915100938_14112025_(Y_3)","A_MAG_4004191005772_01062026_(A_7)","A_MAG_4004191055821_01112026_(Y_5)","A_MAG_4004790017565_19072026_(F_5)","A_MAG_4004790035866_11092026_(Y_3)","A_MAG_4004790037358_04042026_(Y_4)","A_MAG_4004790110303_01082026_(T_1)","A_MAG_4005009102911_01032026_(M_4)","A_MAG_4005394116111_30112026_(O_5)","A_MAG_4005394121023_31102026_(C_1)","A_MAG_4005394143049_01032028_(M_2)","A_MAG_4005394287866_01092026_(S_2)","A_MAG_4005967005392_01012026_(H_5)","A_MAG_4006040293811_01032026_(J_4)","A_MAG_4006040294009_01022026_(C_3)","A_MAG_4006040659341_21072026_(W_2)","A_MAG_4007843088925_01062027_(C_4)","A_MAG_4010139181064_01052026_(C_2)","A_MAG_4010139182016_01022026_(Y_3)","A_MAG_4010139185000_01032026_(N_3)","A_MAG_4012346156507_01122027_(C_3)","A_MAG_4012346157108_01012028_(M_2)","A_MAG_4012346157306_01112027_(P_2)","A_MAG_4012346520001_01062028_(U_2)","A_MAG_4012346536507_01062027_(C_3)","A_MAG_4012824400252_30042028_(J_5)","A_MAG_4012824401167_30042028_(B_6)","A_MAG_4012824401587_28022028_(C_2)","A_MAG_4012824401969_30042028_(C_3)","A_MAG_4012824402003_01012028_(C_2)","A_MAG_4012824402218_31032027_(U_2)","A_MAG_4012824402478_30042028_(F_4)","A_MAG_4012824402508_30042028_(T_3)","A_MAG_4012824404281_30042028_(B_5)","A_MAG_4012824406018_30042028_(T_5)","A_MAG_4012824406070_30042028_(B_7)","A_MAG_4012824406391_28022028_(A_3)","A_MAG_4012824406575_30062028_(A_3)","A_MAG_4013712575038_01072028_(I_3)","A_MAG_4015533034770_01022027_(K_7)","A_MAG_4015637005072_23042026_(O_1)","A_MAG_4015637005102_03052026_(N_5)","A_MAG_4015637823522_01022026_(B_1)","A_MAG_4015637823942_04062026_(Y_3)","A_MAG_4015637823942_25112026_(S_2)","A_MAG_4015637827445_07072026_(T_1)","A_MAG_4016249003531_28032027_(M_3)","A_MAG_4016249017071_23082026_(W_1)","A_MAG_4016249108571_28052026_(F_4)","A_MAG_4016249150334_25042026_(M_5)","A_MAG_4016249150372_26052026_(W_1)","A_MAG_4016249150372_09072026_(S_1)","A_MAG_4016249284800_25082026_(J_4)","A_MAG_4016512061152_17052027_(W_3)","A_MAG_4018462192009_28052026_(U_4)","A_MAG_4018722100188_10062027_(A_5)","A_MAG_4018722302575_01022028_(S_5)","A_MAG_4019555700200_01012027_(B_6)","A_MAG_4019736000754_01052028_(S_5)","A_MAG_4019736005544_21052028_(T_5)","A_MAG_4019736008859_01052027_(R_2)","A_MAG_4019736008910_21082027_(U_5)","A_MAG_4025089081289_01052027_(M_3)","A_MAG_4025089086178_01122026_(Y_3)","A_MAG_4030917056704_01032027_(O_3)","A_MAG_4030917056902_01022027_(A_5)","A_MAG_4030917057305_01092026_(M_4)","A_MAG_4030917057909_01092026_(L_1)","A_MAG_4038375024204_29082026_(B_6)","A_MAG_4038375024419_17072026_(X_4)","A_MAG_4038375024600_27022026_(U_2)","A_MAG_4038375025065_24032026_(C_4)","A_MAG_4044889002171_01102026_(K_4)","A_MAG_4044889002515_01092026_(T_1)","A_MAG_4044889002522_01122026_(H_1)","A_MAG_4044889003192_01082026_(K_4)","A_MAG_4044889003208_01082026_(K_4)","A_MAG_4044889004786_01032026_(M_2)","A_MAG_4044889004793_01112026_(B_4)","A_MAG_4044889004861_01092026_(E_1)","A_MAG_4044889005134_01092026_(W_1)","A_MAG_4044889005264_01092027_(N_5)","A_MAG_4048885051447_01072026_(C_2)","A_MAG_4048885051492_01072026_(C_2)","A_MAG_4055297220804_01012027_(U_5)","A_MAG_4055297220866_01052027_(C_6)","A_MAG_4055297221283_01122028_(B_7)","A_MAG_4055297221580_01012028_(C_2)","A_MAG_4106060044759_01072026_(H_3)","A_MAG_4106060047675_01092026_(M_1)","A_MAG_4106060076026_03052027_(O_5)","A_MAG_42099901_31032026_(B_4)","A_MAG_4260058843479_01102025_(I_4)","A_MAG_4260183213130_18012027_(Y_4)","A_MAG_4260183213277_27112026_(C_6)","A_MAG_4260183213529_01012026_(N_1)","A_MAG_4260183213529_01042026_(O_1)","A_MAG_4260237453581_01022026_(A_2)","A_MAG_4260249140288_04022026_(G_4)","A_MAG_4260249140530_28082026_(X_4)","A_MAG_4260311980408_01102025_(H_4)","A_MAG_4260311983973_14042026_(Y_2)","A_MAG_4260311984673_01022026_(W_4)","A_MAG_4260311984758_01062026_(Y_3)","A_MAG_4260311985311_06032026_(B_4)","A_MAG_4260355584105_01092026_(Y_1)","A_MAG_4260595857984_01012029_(E_1)","A_MAG_4262367681322_26112025_(G_5)","A_MAG_4262367681865_01102025_(X_4)","A_MAG_4262367681865_01122025_(Y_5)","A_MAG_4262397070004_18042026_(X_2)","A_MAG_4262448378233_01012029_(E_5)","A_MAG_4316734094946_28102026_(W_1)","A_MAG_4743318101286_01012028_(B_5)","A_MAG_4744183013490_01012028_(U_6)","A_MAG_4744481011068_08052026_(T_1)","A_MAG_4751022365597_02122026_(O_1)","A_MAG_4751022365764_20112026_(J_1)","A_MAG_4751022365801_09122026_(U_4)","A_MAG_4770405228847_13062027_(I_5)","A_MAG_4770405228854_28012028_(I_5)","A_MAG_4779030680075_01012027_(F_6)","A_MAG_4792022090003_26102026_(B_4)","A_MAG_4820058210413_01012027_(U_5)","A_MAG_4820219347484_22062026_(W_3)","A_MAG_4820219347491_13042026_(H_2)","A_MAG_4820262540672_13042026_(T_2)","A_MAG_4860019002817_01012027_(I_2)","A_MAG_5013665117674_01042027_(U_2)","A_MAG_5021991941597_24112027_(U_3)","A_MAG_5021991941658_14072027_(O_5)","A_MAG_5021991941689_13012028_(H_1)","A_MAG_5022496016940_01012028_(K_5)","A_MAG_5022496016971_01102027_(B_5)","A_MAG_5022496192507_01082026_(S_3)","A_MAG_5060691230037_25102026_(P_3)","A_MAG_5060691233526_08062027_(T_1)","A_MAG_5060691236329_01092027_(Y_1)","A_MAG_5060691237210_17062027_(W_3)","A_MAG_5200118472668_01032026_(X_1)","A_MAG_5400164142199_01072026_(Y_3)","A_MAG_5400164154093_01102025_(G_4)","A_MAG_5400164241496_01112025_(J_1)","A_MAG_5411788046503_01042027_(E_1)","A_MAG_5412360015252_01012026_(N_1)","A_MAG_5412360023097_01012028_(B_1)","A_MAG_5425038430073_02082026_(B_4)","A_MAG_5425038430387_10012027_(U_1)","A_MAG_5425038430400_09072026_(J_1)","A_MAG_5425038430455_12072026_(T_4)","A_MAG_5601159206890_01112028_(N_4)","A_MAG_5701058013091_01032026_(T_1)","A_MAG_5701410419479_01012029_(O_4)","A_MAG_5900028008536_06102026_(M_4)","A_MAG_5900038001657_01082026_(U_6)","A_MAG_5900038001916_01062026_(R_3)","A_MAG_5900038001923_01062026_(B_5)","A_MAG_5900038001930_01072026_(S_1)","A_MAG_5900038001947_01062026_(J_3)","A_MAG_5900038001954_01062026_(T_3)","A_MAG_5900038001978_01052026_(I_1)","A_MAG_5900038002197_01052026_(P_1)",