{"file":"\/home\/azada\/domains\/2.bigbio.pl\/public_html\/modules\/wyprzedaz\/var\/upload_wy_68b83559c8f024.16563491.csv","session_id":"wy_68b83559c8f024.16563491","delimiter":";","offset":78368,"line":1773,"total_rows":1773,"processed":1773,"in_db":1600,"not_found":173,"chunks_total":4,"chunks_done":4,"batch":500,"finished":true,"all_valid_skus":["A_MAG_3609510004644_04012029","A_MAG_4008115896200_12012029","A_MAG_5902973150766_12022029","A_MAG_5904720070396_17032029","A_MAG_9788378604969_26052029","A_MAG_5412360023097_01012028","A_MAG_8435030572661_01052028","A_MAG_092399706236_10052029","A_MAG_3154144862141_03012029","A_MAG_5902150665847_05022029","A_MAG_5902973170924_13022029","A_MAG_5903686313516_27022029","A_MAG_5907465668439_02042029","A_MAG_5907690851675_09042029","A_MAG_8021886093919_28042029","A_MAG_9788325339289_23052029","A_MAG_9120111880481_01102025","A_MAG_3609510120269_06012029","A_MAG_5901389562729_28012029","A_MAG_5901498057352_31012029","A_MAG_5901503652534_02022029","A_MAG_5903273510694_18022029","A_MAG_5905548949055_19032029","A_MAG_5905548961842_20032029","A_MAG_8000825256776_24042029","A_MAG_4004182030042_07012029","A_MAG_5906858014174_26032029","A_MAG_8435507871358_01052029","A_MAG_8593539292692_05052029","A_MAG_5903111710200_04122025","A_MAG_5901466229729_30012029","A_MAG_5902581101266_09022029","A_MAG_5907214005379_29032029","A_MAG_5907214101040_30032029","A_MAG_5906190685698_23032029","A_MAG_5906858023138_27032029","A_MAG_5907465664653_01042029","A_MAG_4027521311701_15012029","A_MAG_5997412750690_20042029","A_MAG_4902506072641_23012029","A_MAG_5903686320682_03032029","A_MAG_5904287061103_12032029","A_MAG_5904287305030_13032029","A_MAG_5906365702960_01052026","A_MAG_4106060076026_03052027","A_MAG_5905951196145_01062026","A_MAG_4012824402218_31032027","A_MAG_5906750252117_01102025","A_MAG_5902983781455_26032026","A_MAG_8710277135443_01122027","A_MAG_5906293639048_01022027","A_MAG_5902425050248_01012026","A_MAG_5907709957527_23052026","A_MAG_5902741004321_02062026","A_MAG_4010139181064_01032026","A_MAG_4044889002515_01092025","A_MAG_5906732624109_01062026","A_MAG_4005394116210_01022028","A_MAG_8713576100129_01062026","A_MAG_5906750251554_01032027","A_MAG_8594006668262_25072026","A_MAG_5906293639017_01092027","A_MAG_5906293639680_01022027","A_MAG_3800218253987_01092025","A_MAG_087614117423_01122026","A_MAG_5902650276178_01122026","A_MAG_5903246861136_01122025","A_MAG_5907636994596_01052026","A_MAG_5906750251615_01012027","A_MAG_3268350120237_27082025","A_MAG_8595582413499_01092026","A_MAG_5902768527445_01102026","A_MAG_5903246866735_01122025","A_MAG_5904538031633_01082026","A_MAG_5903246862676_01102025","A_MAG_8009004901193_01122025","A_MAG_8717496900142_01012028","A_MAG_3273221115588_01102025","A_MAG_4018462196007_28082025","A_MAG_3268350000324_02102025","A_MAG_5906732626004_01122025","A_MAG_5412360015252_01012026","A_MAG_5902367406912_01012026","A_MAG_4260183213239_01112025","A_MAG_5906732624406_01042026","A_MAG_5902581618573_01092025","A_MAG_5903794183964_01012027","A_MAG_5906732626042_01062026","A_MAG_5903636627380_01012026","A_MAG_4044889004816_01092025","A_MAG_5903794189300_01012026","A_MAG_5908445473739_01072026","A_MAG_4260618525593_01112025","A_MAG_5902802721501_01012027","A_MAG_4004191001224_01092026","A_MAG_5907814662026_01092025","A_MAG_5906293639376_01122026","A_MAG_5902837812014_01102025","A_MAG_5903246866681_01102026","A_MAG_5902565217075_01112025","A_MAG_5906293639437_01022027","A_MAG_4262367681865_01102025","A_MAG_5903246866742_01102026","A_MAG_5701058013091_01032026","A_MAG_4260618528495_01062027","A_MAG_5906395147564_01102025","A_MAG_5904538033248_01112026","A_MAG_5904538030254_01112025","A_MAG_5903794180161_01012027","A_MAG_4012824404403_01082027","A_MAG_5905360001177_01012027","A_MAG_3800233685428_01122025","A_MAG_3760092217942_01102025","A_MAG_5902741000323_01102026","A_MAG_3800500324791_01012027","A_MAG_5904703901112_01092026","A_MAG_5905562028965_01022027","A_MAG_4012824403222_01092027","A_MAG_8009004811591_01072026","A_MAG_5906732624697_01112025","A_MAG_5906293639086_01112026","A_MAG_5903794180284_01012027","A_MAG_5906489288678_01092026","A_MAG_5901866001062_01092025","A_MAG_5906750251639_01062027","A_MAG_8713576003871_01062026","A_MAG_5903933645209_01012026","A_MAG_5904703901099_01022026","A_MAG_5902565214371_01092025","A_MAG_4260183213529_01012026","A_MAG_5902367402129_01092027","A_MAG_5906881861493_01032026","A_MAG_5906881861493_01042026","A_MAG_5900354030287_01102026","A_MAG_5902768527520_01102026","A_MAG_5906750251677_01052027","A_MAG_4016249281601_01122025","A_MAG_5906732622853_01102025","A_MAG_3800500324784_01012027","A_MAG_5412360018840_01102028","A_MAG_5907738159343_10092025","A_MAG_4250448346918_01012026","A_MAG_5907504400129_01012027","A_MAG_5904538030605_01012026","A_MAG_8002885003628_20082025","A_MAG_5902837812298_01092025","A_MAG_5900038001954_01112025","A_MAG_5903246866667_01102026","A_MAG_7640161875715_01092026","A_MAG_4260311980408_01102025","A_MAG_5902741004482_01102026","A_MAG_5906293639482_01022027","A_MAG_5906153203341_01012026","A_MAG_8595178206030_01092026","A_MAG_5903933644158_01022027","A_MAG_8019428004189_01122025","A_MAG_4260058843479_01102025","A_MAG_5906153206809_01012026","A_MAG_5904384683048_01092026","A_MAG_5903111899059_01072026","A_MAG_4044889004601_01092025","A_MAG_5902741003614_01102026","A_MAG_4106060047675_01092026","A_MAG_4850001114062_01022026","A_MAG_5907763674064_01062026","A_MAG_8009004816060_01122028","A_MAG_4106060044759_01072026","A_MAG_5907809337199_01022026","A_MAG_5906732624093_01112026","A_MAG_5906205501852_01062026","A_MAG_5906732620606_01112026","A_MAG_5907814665829_01122025","A_MAG_5902741001641_01122025","A_MAG_5902565216801_01102025","A_MAG_4262367681322_01112025","A_MAG_4035129013309_01082026","A_MAG_5902837812755_01042026","A_MAG_5901549275742_01072026","A_MAG_4010139181026_01052026","A_MAG_5903900941327_01072026","A_MAG_7792710000182_01082027","A_MAG_5903246861099_01042026","A_MAG_5906395147168_01062027","A_MAG_3800236132332_01082026","A_MAG_5905933486875_01012027","A_MAG_5903246869675_01012026","A_MAG_5903900367547_01012030","A_MAG_5907222061619_01072026","A_MAG_4260237451129_01092025","A_MAG_5907752683237_01072026","A_MAG_5908445474514_01122025","A_MAG_5903686304170_24042025","A_MAG_5905933487766_01112026","A_MAG_5902448165073_01092025","A_MAG_5902565210939_01032026","A_MAG_5902367408589_01122025","A_MAG_5905279300064_01072027","A_MAG_5903111903701_01072026","A_MAG_5901597385486_01122025","A_MAG_8850620888012_01042026"],"original_filename":"wyprzedaz (1).csv","finalize_total":1512,"finalize_done":0,"created_or_updated":0}